price,sqft,bedrooms,occupancy,style
66500,741,1,Owner,Traditional
66000,741,1,Vacant,Traditional
68500,790,1,Owner,Traditional
102000,2783,2,Owner,Traditional
54000,1165,2,Vacant,Traditional
143000,2331,2,Owner,Traditional
98900,1228,2,Tenant,Traditional
98350,1228,2,Vacant,Traditional
98847,1228,2,Vacant,Traditional
98900,1228,2,Vacant,Traditional
101313,1228,2,Vacant,Traditional
125000,1520,2,Owner,Traditional
62500,1440,2,Tenant,Traditional
92000,1001,2,Owner,Traditional
120000,1438,2,Owner,Traditional
23000,956,2,Vacant,Traditional
22654,1080,2,Vacant,Traditional
95000,1745,2,Owner,Traditional
64900,971,2,Vacant,Traditional
75000,1303,2,Vacant,Traditional
68000,1590,2,Vacant,Traditional
23000,933,2,Vacant,Traditional
40101,850,2,Vacant,Traditional
93000,2332,2,Owner,Traditional
58500,1562,2,Vacant,Traditional
103500,1452,3,Vacant,Traditional
102565,2890,3,Owner,Traditional
97900,2419,3,Vacant,Traditional
99000,1808,3,Owner,Traditional
82000,1396,3,Owner,Traditional
171500,2216,3,Owner,Traditional
135900,1425,3,Vacant,Traditional
80001,2291,3,Vacant,Traditional
136000,2024,3,Vacant,Traditional
167500,2560,3,Owner,Traditional
134000,2246,3,Vacant,Traditional
270000,5814,3,Owner,Traditional
315000,3835,3,Vacant,Traditional
207000,2870,3,Owner,Traditional
197500,3128,3,Owner,Traditional
335000,3060,3,Owner,Traditional
219000,2918,3,Vacant,Traditional
189900,1936,3,Owner,Traditional
79900,2610,3,Owner,Traditional
123400,2446,3,Owner,Traditional
123000,2590,3,Vacant,Traditional
130500,2910,3,Vacant,Traditional
128000,1304,3,Vacant,Traditional
68000,1342,3,Vacant,Traditional
62000,1090,3,Vacant,Traditional
124000,2989,3,Owner,Traditional
50000,2191,3,Vacant,Traditional
89900,1393,3,Owner,Traditional
125000,1912,3,Owner,Traditional
147000,2126,3,Owner,Traditional
246000,2666,3,Owner,Traditional
76000,1286,3,Vacant,Traditional
135000,2135,3,Vacant,Traditional
85000,1400,3,Owner,Traditional
124900,2272,3,Vacant,Traditional
98900,1956,3,Owner,Traditional
120000,1644,3,Owner,Traditional
134000,2692,3,Owner,Traditional
115495,2707,3,Owner,Traditional
81900,1404,3,Owner,Traditional
34000,1111,3,Owner,Traditional
91500,1519,3,Owner,Traditional
109200,2100,3,Vacant,Traditional
42000,1370,3,Vacant,Traditional
110000,1819,3,Vacant,Traditional
142000,2545,3,Owner,Traditional
79900,1511,3,Owner,Traditional
134900,2403,3,Owner,Traditional
130000,2468,3,Owner,Traditional
125000,2367,3,Vacant,Traditional
108000,2461,3,Owner,Traditional
133000,2496,3,Owner,Traditional
126000,2301,3,Owner,Traditional
121900,2200,3,Owner,Traditional
116000,2453,3,Owner,Traditional
135000,2876,3,Owner,Traditional
150000,2523,3,Owner,Traditional
136400,2534,3,Owner,Traditional
97500,1790,3,Owner,Traditional
141000,2703,3,Owner,Traditional
185000,2495,3,Owner,Traditional
127000,2009,3,Owner,Traditional
290000,2824,3,Owner,Traditional
95700,1485,3,Vacant,Traditional
139900,3266,3,Vacant,Traditional
97500,1358,3,Owner,Traditional
90900,1337,3,Owner,Traditional
72500,1411,3,Vacant,Traditional
137500,1965,3,Owner,Traditional
116000,1843,3,Owner,Traditional
121500,1897,3,Vacant,Traditional
149900,2486,3,Owner,Traditional
99000,1467,3,Owner,Traditional
100000,1453,3,Owner,Traditional
208000,3157,3,Owner,Traditional
130000,1296,3,Tenant,Traditional
102500,1800,3,Vacant,Traditional
190000,3264,3,Owner,Traditional
119400,1996,3,Owner,Traditional
212500,3453,3,Owner,Traditional
263000,3682,3,Owner,Traditional
125000,1879,3,Owner,Traditional
125000,2071,3,Owner,Traditional
206500,2132,3,Owner,Traditional
117500,1979,3,Owner,Traditional
175000,2469,3,Vacant,Traditional
192500,2681,3,Owner,Traditional
111900,1615,3,Vacant,Traditional
260000,3052,3,Owner,Traditional
95000,2332,3,Vacant,Traditional
188000,3125,3,Owner,Traditional
138900,2083,3,Owner,Traditional
163000,2207,3,Owner,Traditional
115000,2007,3,Vacant,Traditional
142900,1995,3,Owner,Traditional
168500,2201,3,Owner,Traditional
146000,2128,3,Owner,Traditional
106000,1843,3,Vacant,Traditional
124400,1848,3,Owner,Traditional
124000,1372,3,Owner,Traditional
177500,2636,3,Owner,Traditional
149900,2228,3,Vacant,Traditional
161500,2302,3,Owner,Traditional
142900,1992,3,Owner,Traditional
161900,2415,3,Owner,Traditional
100900,1514,3,Owner,Traditional
146400,2444,3,Owner,Traditional
113700,2016,3,Owner,Traditional
171000,1588,3,Tenant,Traditional
168000,2325,3,Owner,Traditional
149000,2135,3,Owner,Traditional
125000,1882,3,Vacant,Traditional
75000,1617,3,Vacant,Traditional
125000,2127,3,Vacant,Traditional
130900,2062,3,Owner,Traditional
109500,1970,3,Owner,Traditional
103900,1716,3,Owner,Traditional
127800,2131,3,Owner,Traditional
219000,2200,3,Owner,Traditional
110050,2084,3,Vacant,Traditional
206000,2342,3,Vacant,Traditional
95000,1741,3,Vacant,Traditional
122000,2044,3,Owner,Traditional
214000,3041,3,Owner,Traditional
115900,1700,3,Owner,Traditional
122900,2312,3,Owner,Traditional
129900,2072,3,Owner,Traditional
155536,2348,3,Owner,Traditional
169900,2342,3,Owner,Traditional
153900,2522,3,Vacant,Traditional
107900,1707,3,Owner,Traditional
131000,2122,3,Vacant,Traditional
114500,2103,3,Vacant,Traditional
114900,1805,3,Owner,Traditional
130000,1980,3,Vacant,Traditional
135500,2122,3,Vacant,Traditional
157900,2462,3,Vacant,Traditional
161000,2420,3,Vacant,Traditional
124900,1840,3,Vacant,Traditional
120000,1864,3,Vacant,Traditional
124175,1864,3,Vacant,Traditional
165900,2174,3,Vacant,Traditional
207255,2135,3,Owner,Traditional
252900,2977,3,Vacant,Traditional
226900,2879,3,Vacant,Traditional
132000,1873,3,Vacant,Traditional
124900,1921,3,Vacant,Traditional
135900,1405,3,Vacant,Traditional
158000,2376,3,Vacant,Traditional
154650,2211,3,Vacant,Traditional
188900,2813,3,Vacant,Traditional
175000,2076,3,Vacant,Traditional
162900,2010,3,Vacant,Traditional
115900,2554,3,Owner,Traditional
109000,2145,3,Owner,Traditional
110000,1806,3,Owner,Traditional
100300,1745,3,Owner,Traditional
126900,2623,3,Owner,Traditional
92000,1401,3,Owner,Traditional
98400,2037,3,Owner,Traditional
66000,1589,3,Vacant,Traditional
93300,1501,3,Vacant,Traditional
89000,1588,3,Vacant,Traditional
97500,1584,3,Owner,Traditional
110000,1945,3,Owner,Traditional
113000,2166,3,Owner,Traditional
99900,1495,3,Owner,Traditional
98500,2296,3,Tenant,Traditional
105000,1927,3,Vacant,Traditional
112000,1964,3,Owner,Traditional
116300,2773,3,Owner,Traditional
119000,2113,3,Owner,Traditional
143000,2452,3,Owner,Traditional
116000,2303,3,Owner,Traditional
186000,2940,3,Owner,Traditional
142500,2247,3,Owner,Traditional
138500,1541,3,Owner,Traditional
149500,2712,3,Vacant,Traditional
106000,1510,3,Vacant,Traditional
111500,2212,3,Vacant,Traditional
144500,1548,3,Vacant,Traditional
120500,2055,3,Vacant,Traditional
109900,1860,3,Owner,Traditional
109500,1989,3,Vacant,Traditional
119000,1350,3,Vacant,Traditional
103000,2447,3,Vacant,Traditional
139900,2800,3,Vacant,Traditional
144000,2389,3,Vacant,Traditional
151900,3624,3,Owner,Traditional
112400,2388,3,Owner,Traditional
119900,2490,3,Owner,Traditional
138000,2481,3,Owner,Traditional
137000,2681,3,Vacant,Traditional
127000,2412,3,Vacant,Traditional
118830,2130,3,Vacant,Traditional
75000,2294,3,Vacant,Traditional
82300,1231,3,Vacant,Traditional
115000,2205,3,Vacant,Traditional
129000,2701,3,Vacant,Traditional
98300,1887,3,Vacant,Traditional
60000,876,3,Vacant,Traditional
119900,2645,3,Owner,Traditional
119500,2482,3,Owner,Traditional
127000,2011,3,Owner,Traditional
85000,1421,3,Owner,Traditional
98500,1460,3,Owner,Traditional
89000,1591,3,Owner,Traditional
103000,2827,3,Owner,Traditional
110000,2005,3,Owner,Traditional
103000,3153,3,Vacant,Traditional
119900,2282,3,Vacant,Traditional
134000,2086,3,Vacant,Traditional
80000,2120,3,Vacant,Traditional
41500,1015,3,Vacant,Traditional
67500,1321,3,Vacant,Traditional
77500,1330,3,Vacant,Traditional
70500,1376,3,Vacant,Traditional
87000,1974,3,Vacant,Traditional
59895,1865,3,Vacant,Traditional
42000,1489,3,Vacant,Traditional
124900,2917,3,Owner,Traditional
85000,1562,3,Owner,Traditional
57000,1393,3,Vacant,Traditional
93000,1963,3,Vacant,Traditional
186900,2678,3,Owner,Traditional
122000,1889,3,Owner,Traditional
132000,2156,3,Owner,Traditional
135000,3029,3,Owner,Traditional
103500,1483,3,Owner,Traditional
102500,2196,3,Owner,Traditional
125000,2430,3,Owner,Traditional
130000,2051,3,Owner,Traditional
137900,1595,3,Owner,Traditional
72500,1203,3,Owner,Traditional
138900,2360,3,Vacant,Traditional
109900,1858,3,Vacant,Traditional
224900,3555,3,Vacant,Traditional
114000,1896,3,Vacant,Traditional
152500,1765,3,Vacant,Traditional
148500,2135,3,Owner,Traditional
119000,1389,3,Owner,Traditional
132500,1296,3,Vacant,Traditional
287500,2087,3,Owner,Traditional
190000,2628,3,Owner,Traditional
172500,3310,3,Owner,Traditional
105000,2200,3,Owner,Traditional
61500,1763,3,Vacant,Traditional
148000,3027,3,Owner,Traditional
94900,2466,3,Owner,Traditional
63000,2292,3,Owner,Traditional
65500,1277,3,Vacant,Traditional
87000,1377,3,Vacant,Traditional
149000,2876,3,Owner,Traditional
120000,3329,3,Owner,Traditional
60000,1131,3,Tenant,Traditional
57500,1847,3,Vacant,Traditional
66000,1236,3,Vacant,Traditional
69900,1837,3,Vacant,Traditional
82900,1400,3,Vacant,Traditional
45900,1801,3,Vacant,Traditional
55500,810,3,Vacant,Traditional
33000,1579,3,Vacant,Traditional
52900,1482,3,Vacant,Traditional
31000,1590,3,Tenant,Traditional
95000,2041,3,Tenant,Traditional
140000,2238,3,Owner,Traditional
120459,1590,3,Owner,Traditional
70300,1380,3,Owner,Traditional
142900,1668,3,Vacant,Traditional
35000,1714,3,Vacant,Traditional
165000,1965,3,Vacant,Traditional
78000,1916,3,Owner,Traditional
128000,1958,3,Owner,Traditional
60000,1383,3,Vacant,Traditional
144500,2026,3,Owner,Traditional
169900,2595,3,Owner,Traditional
127000,1862,3,Owner,Traditional
143000,1613,3,Owner,Traditional
153000,1668,3,Owner,Traditional
170000,2477,3,Owner,Traditional
172000,2268,3,Owner,Traditional
112900,2090,3,Vacant,Traditional
176900,2374,3,Vacant,Traditional
130000,2353,3,Vacant,Traditional
64000,1811,3,Vacant,Traditional
63000,1386,3,Vacant,Traditional
36000,900,3,Tenant,Traditional
62500,1763,3,Vacant,Traditional
63000,1800,3,Vacant,Traditional
146000,1810,3,Owner,Traditional
95000,1801,3,Owner,Traditional
93900,1500,3,Vacant,Traditional
22000,1414,3,Vacant,Traditional
114000,3299,3,Owner,Traditional
143000,2136,3,Owner,Traditional
113000,1696,3,Owner,Traditional
155000,1757,3,Owner,Traditional
135000,1914,3,Owner,Traditional
128000,2134,3,Vacant,Traditional
128900,1851,3,Vacant,Traditional
103000,2246,3,Vacant,Traditional
168000,1601,3,Vacant,Traditional
109275,1150,3,Vacant,Traditional
92000,1346,3,Vacant,Traditional
117000,2320,3,Vacant,Traditional
146715,2467,3,Vacant,Traditional
150900,2458,3,Vacant,Traditional
154650,2459,3,Vacant,Traditional
157500,2458,3,Vacant,Traditional
165330,2459,3,Vacant,Traditional
62241,1615,3,Vacant,Traditional
129000,2379,3,Vacant,Traditional
287500,4033,3,Owner,Traditional
84500,1162,3,Owner,Traditional
118000,2798,3,Owner,Traditional
131900,2226,3,Owner,Traditional
120500,1977,3,Owner,Traditional
137500,1937,3,Owner,Traditional
79900,1009,3,Owner,Traditional
114000,1937,3,Owner,Traditional
118000,1933,3,Owner,Traditional
91500,1341,3,Owner,Traditional
75000,1594,3,Owner,Traditional
80000,1183,3,Vacant,Traditional
103100,1772,3,Vacant,Traditional
113400,1960,3,Vacant,Traditional
122700,2087,3,Vacant,Traditional
126600,2348,3,Vacant,Traditional
126600,2348,3,Vacant,Traditional
102800,1670,3,Vacant,Traditional
111800,1937,3,Vacant,Traditional
111900,1933,3,Vacant,Traditional
113500,1960,3,Vacant,Traditional
114500,1933,3,Vacant,Traditional
121300,1977,3,Vacant,Traditional
123200,2087,3,Vacant,Traditional
123800,2105,3,Vacant,Traditional
128600,2182,3,Vacant,Traditional
129800,2348,3,Vacant,Traditional
129800,2348,3,Vacant,Traditional
129900,2348,3,Vacant,Traditional
131800,2379,3,Vacant,Traditional
132600,2348,3,Vacant,Traditional
133400,2348,3,Vacant,Traditional
157900,2827,3,Vacant,Traditional
115000,2447,3,Vacant,Traditional
67500,2419,3,Vacant,Traditional
100000,1556,3,Vacant,Traditional
109300,1886,3,Vacant,Traditional
128200,2379,3,Vacant,Traditional
122100,2087,3,Vacant,Traditional
110800,1937,3,Vacant,Traditional
111900,1933,3,Vacant,Traditional
113100,1933,3,Vacant,Traditional
129400,2182,3,Vacant,Traditional
104000,2095,3,Owner,Traditional
80000,1486,3,Owner,Traditional
103500,2565,3,Owner,Traditional
72190,1349,3,Owner,Traditional
98000,1680,3,Owner,Traditional
85000,1300,3,Owner,Traditional
86000,2037,3,Owner,Traditional
210000,4046,3,Owner,Traditional
86000,1418,3,Owner,Traditional
102000,2376,3,Vacant,Traditional
45000,1130,3,Vacant,Traditional
89100,1917,3,Vacant,Traditional
60000,1336,3,Vacant,Traditional
72000,1394,3,Vacant,Traditional
89000,1358,3,Vacant,Traditional
51500,1700,3,Vacant,Traditional
76000,1433,3,Vacant,Traditional
76000,1178,3,Vacant,Tradition
73500,1266,3,Vacant,Traditional
112900,1215,3,Owner,Traditional
116900,1910,3,Owner,Traditional
121000,1952,3,Owner,Traditional
122000,1308,3,Owner,Traditional
114000,1744,3,Owner,Traditional
118750,2215,3,Vacant,Traditional
98500,1152,3,Vacant,Traditional
69000,1236,3,Vacant,Traditional
45000,1300,3,Vacant,Traditional
131000,2170,3,Vacant,Traditional
184300,3013,4,Owner,Traditional
137500,2905,4,Owner,Traditional
265000,4688,4,Vacant,Traditional
114000,2193,4,Vacant,Traditional
153000,2789,4,Vacant,Traditional
144000,2669,4,Owner,Traditional
118500,2550,4,Owner,Traditional
135000,2573,4,Vacant,Traditional
159900,,4,Owner,Traditional
183500,3810,4,Owner,Traditional
142900,2936,4,Owner,Traditional
197000,3123,4,Owner,Traditional
182500,3078,4,Owner,Traditional
119900,2457,4,Owner,Traditional
150000,2800,4,Owner,Traditional
126000,1931,4,Vacant,Traditional
237000,4244,4,Owner,Traditional
175000,2267,4,Owner,Traditional
617000,5673,4,Owner,Traditional
163000,2605,4,Owner,Traditional
162000,3280,4,Vacant,Traditional
230000,5216,4,Owner,Traditional
118000,2978,4,Vacant,Traditional
419900,5736,4,Owner,Traditional
178000,2432,4,Owner,Traditional
200000,3088,4,Owner,Traditional
154000,3179,4,Vacant,Traditional
184700,3279,4,Owner,Traditional
275000,4681,4,Owner,Traditional
116500,2518,4,Vacant,Traditional
170000,3323,4,Vacant,Traditional
184000,3594,4,Owner,Traditional
177000,2353,4,Vacant,Traditional
258000,4020,4,Owner,Traditional
214000,3122,4,Owner,Traditional
285500,3670,4,Owner,Traditional
325000,3812,4,Owner,Traditional
170000,2076,4,Owner,Traditional
193500,3438,4,Vacant,Traditional
195500,2923,4,Owner,Traditional
336000,4133,4,Owner,Traditional
254000,,4,Owner,Traditional
204000,3222,4,Vacant,Traditional
196900,2642,4,Owner,Traditional
168000,2760,4,Vacant,Traditional
290000,4215,4,Owner,Traditional
163500,2517,4,Owner,Traditional
128000,2083,4,Owner,Traditional
154000,2235,4,Owner,Traditional
255000,3251,4,Owner,Traditional
344900,3972,4,Owner,Traditional
302000,4255,4,Owner,Traditional
280000,3983,4,Owner,Traditional
355000,4325,4,Owner,Traditional
143900,2948,4,Owner,Traditional
187400,2226,4,Owner,Traditional
142000,2532,4,Owner,Traditional
392250,3535,4,Owner,Traditional
440000,4411,4,Owner,Traditional
229900,3060,4,Owner,Traditional
144500,2122,4,Owner,Tradition
142000,2280,4,Vacant,Traditional
242900,2866,4,Vacant,Traditional
221000,3039,4,Vacant,Traditional
147000,2280,4,Vacant,Traditional
318600,3600,4,Vacant,Traditional
126900,1886,4,Vacant,Traditional
286000,3010,4,Vacant,Traditional
168075,2624,4,Vacant,Traditional
268900,3557,4,Vacant,Traditional
159850,2376,4,Vacant,Traditional
126500,1954,4,Vacant,Traditional
180000,3993,4,Owner,Traditional
175000,3234,4,Owner,Traditional
295000,3731,4,Owner,Traditional
675000,5858,4,Vacant,Traditional
164900,2669,4,Owner,Traditional
227500,3094,4,Owner,Traditional
118900,1872,4,Owner,Traditional
137800,2373,4,Owner,Traditional
158000,3593,4,Owner,Traditional
248900,3206,4,Owner,Traditional
137900,3150,4,Owner,Traditional
227500,3262,4,Owner,Traditional
175000,2948,4,Owner,Traditional
182500,3171,4,Owner,Traditional
219900,3333,4,Vacant,Traditional
119637,2830,4,Vacant,Traditional
175000,3756,4,Owner,Traditional
148900,2171,4,Vacant,Traditional
136000,2210,4,Vacant,Traditional
139900,4130,4,Vacant,Traditional
150000,3425,4,Owner,Traditional
128900,2770,4,Vacant,Traditional
64900,1970,4,Vacant,Traditional
243900,2457,4,Owner,Traditional
400000,3133,4,Owner,Traditional
315000,2802,4,Owner,Traditional
360000,6213,4,Owner,Traditional
230000,3168,4,Owner,Traditional
210000,4315,4,Vacant,Traditional
600000,6119,4,Owner,Traditional
173000,2532,4,Vacant,Traditional
80000,2176,4,Owner,Traditional
71000,1949,4,Vacant,Traditional
199000,2027,4,Owner,Traditional
226000,3368,4,Owner,Traditional
133000,1976,4,Vacant,Traditional
85000,,4,Vacant,Traditional
240000,,4,Owner,Traditional
225000,,4,Owner,Traditional
239900,,4,Owner,Traditional
178950,2350,4,Owner,Traditional
207249,3390,4,Vacant,Traditional
167000,2696,4,Owner,Traditional
246000,3370,4,Owner,Traditional
90000,2411,4,Owner,Traditional
87500,1463,4,Tenant,Traditional
158900,2523,4,Vacant,Traditional
159691,2502,4,Vacant,Traditional
180221,2816,4,Vacant,Traditional
181900,2985,4,Vacant,Traditional
106500,2019,4,Tenant,Traditional
136900,2240,4,Owner,Traditional
174000,2768,4,Owner,Traditional
133400,2418,4,Vacant,Traditional
134600,2418,4,Vacant,Traditional
146000,2536,4,Vacant,Traditional
152400,2842,4,Vacant,Traditional
134300,2418,4,Vacant,Traditional
120000,2222,4,Vacant,Traditional
134200,2418,4,Vacant,Traditional
134600,2418,4,Vacant,Traditional
135700,2418,4,Vacant,Traditional
136200,2418,4,Vacant,Traditional
136900,2418,4,Vacant,Traditional
154600,2932,4,Vacant,Traditional
154600,2932,4,Vacant,Traditional
155615,2842,4,Vacant,Traditional
164300,2980,4,Vacant,Traditional
165800,2980,4,Vacant,Traditional
189801,3382,4,Vacant,Traditional
94900,1485,4,Vacant,Traditional
133000,2418,4,Vacant,Traditional
133800,2418,4,Vacant,Traditional
133800,2418,4,Vacant,Traditional
133800,2418,4,Vacant,Traditional
133800,2418,4,Vacant,Traditional
134900,2418,4,Vacant,Traditional
139300,2536,4,Vacant,Traditional
149100,2842,4,Vacant,Traditional
149900,2842,4,Vacant,Traditional
134900,2418,4,Vacant,Traditional
138900,2536,4,Vacant,Traditional
158900,2932,4,Vacant,Traditional
160500,3040,4,Vacant,Traditional
93000,1602,4,Vacant,Traditional
196900,2779,4,Vacant,Traditional
138800,2536,4,Vacant,Traditional
194900,3010,,Vacant,Traditional
196900,2779,,Vacant,Traditional
72500,1500,4,Vacant,Traditional
163600,2717,4,Vacant,Traditional
209100,3456,4,Vacant,Tradition
176700,3031,5,Owner,Tradition
360000,5811,5,Owner,Traditional
110000,2739,5,Owner,Traditional
330000,4249,5,Vacant,Traditional
422900,4601,5,Owner,Traditional
1007000,7099,5,Owner,Traditional
175900,3116,5,Vacant,Traditional
425000,6194,6,Owner,Traditional
125000,5803,8,Owner,Traditional
101500,1910,2,Vacant,Town House
56000,1495,2,Vacant,Town House
60150,1210,2,Vacant,Town House
127000,1291,2,Vacant,Town House
149900,1310,2,Tenant,Town House
149900,1408,2,Vacant,Town House
94900,1088,2,Tenant,Town House
94900,1088,2,Tenant,Town House
94900,1088,2,Tenant,Town House
94900,1088,2,Tenant,Town House
94900,1088,2,Tenant,Town House
95900,1088,2,Tenant,Town House
95900,1088,2,Tenant,Town House
95900,1088,2,Tenant,Town House
95900,1088,2,Tenant,Town House
95900,1088,2,Tenant,Town House
95900,1088,2,Tenant,Town House
95900,1088,2,Tenant,Town House
95900,1088,2,Tenant,Town House
95900,1088,2,Tenant,Town House
95900,1088,2,Tenant,Town House
95900,1088,2,Tenant,Town House
95900,1088,2,Tenant,Town House
95900,1088,2,Tenant,Town House
95900,1088,2,Tenant,Town House
95900,1088,2,Tenant,Town House
95900,1088,2,Tenant,Town House
95900,1088,2,Tenant,Town House
95900,1088,2,Tenant,Town House
95900,1088,2,Tenant,Town House
95900,1088,2,Tenant,Town House
95900,1088,2,Tenant,Town House
95900,1088,2,Tenant,Town House
95900,1088,2,Tenant,Town House
95900,1088,2,Tenant,TownHouse
97900,1088,2,Tenant,TownHouse
109900,1875,2,Vacant,TownHouse
94900,1088,2,Vacant,TownHouse
94900,1088,2,Vacant,TownHouse
94900,1088,2,Vacant,TownHouse
94900,1088,2,Vacant,TownHouse
94900,1088,2,Vacant,Town House
95900,1088,2,Vacant,Town House
95900,1088,2,Vacant,Town House
95900,1088,2,Vacant,TownHouse
95900,1088,2,Vacant,Town House
95900,1088,2,Vacant,Town House
82500,1656,2,Owner,Town House
140000,1976,2,Vacant,Town House
74900,1734,2,Owner,Town House
55000,1130,2,Owner,Town House
59500,1160,2,Vacant,Town House
80500,1618,2,Vacant,Town House
64500,1243,2,Vacant,Town House
86000,1759,2,Owner,Town House
100000,1241,2,Vacant,Town House
96300,1558,2,Owner,Town House
90000,1628,2,Owner,Town House
87000,1059,2,Tenant,Town House
92000,1565,2,Vacant,Town House
110000,1120,2,Vacant,Town House
102000,1172,2,Tenant,Town House
164900,1600,3,Tenant,Town House
139900,2000,3,Vacant,Town House
147000,2040,3,Owner,Town House
150000,1900,3,Vacant,Town House
210000,2437,3,Owner,Town House
130000,1980,3,Vacant,Town House
142000,2060,3,Owner,Town House
249900,2788,3,Vacant,Town House
89000,1612,2,Owner,Other
105000,2070,2,Vacant,Other
69000,1457,3,Vacant,Other
99000,2278,3,Owner,Other
73000,1790,3,Vacant,Other
140000,1561,3,Vacant,Other
129500,2146,3,Vacant,Other
172900,2348,3,Owner,Other
138500,1500,3,Vacant,Other
105000,2311,3,Owner,Other
140000,2779,3,Vacant,Other
132000,2588,3,Vacant,Other
65000,1450,3,Owner,Other
135000,3372,3,Owner,Other
95000,1605,3,Vacant,Other
114000,2879,3,Owner,Other
51000,1400,3,Vacant,Other
110500,1964,3,Owner,Other
118000,2454,3,Owner,Other
153500,2441,3,Vacant,Other
182000,1751,3,Owner,Other
165500,2181,3,Owner,Other
72200,1419,3,Owner,Other
180000,2570,3,Vacant,Other
95000,2506,3,Vacant,Other
125000,1606,3,Owner,Other
156900,2815,3,Owner,Other
119900,2152,3,Owner,Other
110000,2378,3,Vacant,Other
74900,1603,3,Vacant,Other
182500,3353,3,Vacant,Other
122000,3750,3,Owner,Other
97000,2838,3,Owner,Other
118000,2206,3,Owner,Other
22000,1092,3,Vacant,Other
59900,2090,3,Vacant,Other
100000,1713,3,Vacant,Other
100200,1352,3,Owner,Other
104600,2535,3,Owner,Other
126000,1367,3,Owner,Other
82551,2561,4,Vacant,Other
121000,1517,4,Owner,Other
78000,1396,4,Vacant,Other
158500,3242,4,Owner,Other
101850,2255,4,Vacant,Other
169900,3212,4,Owner,Other
148000,1901,4,Owner,Other
107900,2796,4,Owner,Other
149900,3040,4,Vacant,Other
157000,3550,4,Vacant,Other
154000,2663,4,Vacant,Other
150000,3182,4,Owner,Other
40000,1494,4,Vacant,Other
82500,2277,4,Vacant,Other
160000,3303,5,Owner,Other
169900,1943,2,Vacant,Other
160000,2480,3,Owner,Other
610000,4935,3,Owner,Other
73000,915,3,Vacant,Other
75000,915,3,Vacant,Other
75000,915,3,Vacant,Other
99000,1200,3,Vacant,Other
99000,1200,3,Vacant,Other
369900,4834,4,Vacant,Other
442500,4925,4,Owner,Other
205900,3577,4,Owner,Other
540000,5138,4,Owner,Other
735000,5582,4,Owner,Other
74000,1200,2,Owner,Garden
94000,1913,2,Owner,Garden
116000,1395,2,Vacant,Garden
113000,2076,2,Owner,Garden
75200,975,2,Vacant,Garden
75400,1088,2,Vacant,Garden
77400,1088,2,Vacant,Garden
78900,1088,2,Vacant,Garden
79900,1088,2,Vacant,Garden
132670,1855,2,Vacant,Garden
207100,1817,2,Vacant,Garden
75200,975,2,Vacant,Garden
77900,1108,2,Vacant,Garden
77900,1108,2,Vacant,Garden
77900,1108,2,Vacant,Garden
175000,2725,3,Owner,Garden
136000,2265,3,Owner,Garden
105900,1446,3,Vacant,Garden
106000,2163,3,Tenant,Garden
121000,1714,3,Owner,Garden
112000,1811,3,Owner,Garden
225000,2591,3,Vacant,Garden
138000,2298,3,Vacant,Garden
141900,2082,3,Vacant,Garden
152500,2010,3,Vacant,Garden
107000,1705,3,Vacant,Garden
127500,1478,3,Vacant,Garden
159900,2182,3,Vacant,Garden
340000,3631,3,Owner,Garden
170000,2244,3,Owner,Garden
245500,3953,4,Owner,Garden
330000,3648,3,Owner,French
225000,2450,3,Owner,French
140000,2099,3,Owner,French
168750,2298,3,Owner,French
213500,2815,3,Vacant,French
182500,2500,3,Owner,French
206900,2694,3,Owner,French
229900,2706,3,Owner,French
236000,2537,3,Owner,French
214000,1923,3,Owner,French
212000,2109,3,Owner,French
196900,3018,3,Owner,French
147000,2124,3,Owner,French
226900,3498,3,Owner,French
155000,2290,3,Owner,French
134000,2428,3,Owner,French
146280,2370,3,Vacant,French
204200,2505,3,Vacant,French
176900,1833,3,Vacant,French
152000,2304,3,Vacant,French
142500,2171,3,Owner,French
167900,2370,3,Vacant,French
135900,2137,3,Vacant,French
169500,2482,3,Owner,French
140700,2205,3,Vacant,French
143100,2214,3,Vacant,French
154950,2579,3,Vacant,French
170000,2482,3,Vacant,French
169900,2667,3,Vacant,French
170650,2536,3,Vacant,French
182700,2527,3,Vacant,French
130700,1924,3,Vacant,French
160000,2081,3,Owner,French
106000,1557,3,Vacant,French
203900,2887,3,Vacant,French
299900,2982,3,Owner,French
124000,1870,3,Owner,French
161900,1643,3,Vacant,French
215000,1947,3,Vacant,French
130000,1894,3,Owner,French
307000,4341,4,Owner,French
239900,3400,4,Vacant,French
236500,3465,4,Owner,French
128800,1498,4,Vacant,French
375500,3841,4,Owner,French
249900,2949,4,Owner,French
228000,3005,4,Owner,French
257000,3415,4,Owner,French
268600,3327,4,Owner,French
167000,2329,4,Owner,French
220000,2564,4,Owner,French
875000,5390,4,Owner,French
198000,2932,4,Owner,French
160500,2305,4,Owner,French
209900,2879,4,Vacant,French
315000,3200,4,Owner,French
284000,3558,4,Owner,French
1575000,7897,4,Owner,French
205500,2947,4,Owner,French
181000,2616,4,Owner,French
239900,2825,4,Owner,French
267300,3481,4,Owner,French
182000,2777,4,Vacant,French
187900,2768,4,Vacant,French
198000,2579,4,Owner,French
201700,2856,4,Vacant,French
216000,2847,4,Vacant,French
197800,2926,4,Vacant,French
369250,4075,4,Vacant,French
338500,3777,4,Vacant,French
272000,3366,4,Vacant,French
235500,2970,4,Owner,French
260000,3321,4,Owner,French
445500,4559,4,Vacant,French
479900,4281,4,Vacant,French
286000,3159,4,Vacant,French
291000,3304,4,Vacant,French
290000,3125,4,Vacant,French
244500,2937,4,Owner,French
360000,4605,4,Owner,French
245900,2540,4,Owner,French
195000,2851,4,Vacant,French
250000,3057,4,Owner,French
239900,3538,4,Owner,French
277900,3840,4,Vacant,French
222198,2394,4,Vacant,French
248840,2820,4,Vacant,French
270000,4561,4,Vacant,French
418880,4146,4,Vacant,French
228900,4062,4,Vacant,French
1580000,7640,5,Owner,French
380000,4327,5,Vacant,French
430000,4625,5,Owner,French
382000,3942,5,Vacant,French
228500,2737,5,Owner,French
300000,3611,5,Vacant,French
280544,3405,5,Vacant,French
135000,1277,1,Owner,Cottage
119600,1239,2,Vacant,Cottage
128500,1267,2,Owner,Cottage
100000,1500,2,Tenant,Cottage
57000,825,2,Owner,Cottage
40001,2334,2,Vacant,Cottage
116500,1742,2,Tenant,Cottage
230777,2400,2,Owner,Cottage
120000,1955,2,Owner,Cottage
114000,1297,2,Owner,Cottage
119900,1152,2,Vacant,Cottage
135000,1189,2,Vacant,Cottage
51900,1268,2,Owner,Cottage
53000,1139,2,Vacant,Cottage
27000,1008,2,Vacant,Cottage
43500,1363,2,Vacant,Cottage
50000,735,2,Vacant,Cottage
32500,1618,2,Vacant,Cottage
52500,1425,2,Owner,Cottage
61000,1392,2,Owner,Cottage
60000,1163,2,Owner,Cottage
24000,838,2,Vacant,Cottage
125000,2451,3,Vacant,Cottage
159000,1918,3,Vacant,Cottage
120000,2056,3,Owner,Cottage
30000,1305,3,Vacant,Cottage
93700,2069,3,Owner,Cottage
63500,1488,3,Tenant,Cottage
127000,1931,3,Vacant,Cottage
131000,2330,3,Owner,Cottage
119900,1587,3,Owner,Cottage
83500,1442,3,Vacant,Cottage
101500,1615,3,Owner,Cottage
84000,1040,3,Owner,Cottage
159900,1722,3,Vacant,Cottage
156700,1722,3,Vacant,Cottage
124000,2195,3,Owner,Cottage
72500,1582,3,Owner,Cottage
85000,1379,3,Tenant,Cottage
237000,2629,3,Owner,Cottage
236500,2751,3,Vacant,Cottage
180000,1537,3,Vacant,Cottage
175000,2445,3,Owner,Cottage
135000,2379,3,Owner,Cottage
149000,2107,3,Owner,Cottage
150000,2000,3,Tenant,Cottage
161000,1380,3,Vacant,Cottage
172500,1472,3,Vacant,Cottage
71500,1765,3,Vacant,Cottage
69000,1364,3,Vacant,Cottage
130400,1688,3,Vacant,Cottage
150000,2248,3,Owner,Cottage
255000,3074,3,Owner,Cottage
169000,2314,3,Owner,Cottage
124000,2136,3,Owner,Cottage
30000,1241,3,Vacant,Cottage
74900,1710,3,Vacant,Cottage
94900,1420,3,Vacant,Cottage
72000,1175,3,Owner,Cottage
81500,1119,3,Owner,Cottage
35500,1385,3,Vacant,Cottage
84000,1631,4,Vacant,Cottage
129000,3128,4,Owner,Cottage
401000,5017,4,Vacant,Cottage
125000,3096,4,Vacant,Cottage
290000,1844,4,Owner,Cottage
38300,1488,4,Vacant,Cottage
59000,1744,4,Tenant,Cottage
145000,1196,2,Vacant,Contemporary
140000,1400,2,Vacant,Contemporary
155000,1196,2,Vacant,Contemporary
155000,1400,2,Vacant,Contemporary
155000,1196,2,Vacant,Contemporary
160000,1400,2,Vacant,Contemporary
160000,1196,2,Vacant,Contemporary
332000,3670,3,Owner,Contemporary
129900,2870,3,Tenant,Contemporary
120000,2433,3,Owner,Contemporary
119900,2363,3,Owner,Contemporary
154000,3250,3,Vacant,Contemporary
132000,1907,3,Owner,Contemporary
145000,2529,3,Owner,Contemporary
156000,2495,3,Owner,Contemporary
96000,1582,3,Vacant,Contemporary
99000,1491,3,Owner,Contemporary
132000,2013,3,Owner,Contemporary
118900,1719,3,Owner,Contemporary
182000,2911,3,Owner,Contemporary
150900,1949,3,Vacant,Contemporary
147000,2236,3,Owner,Contemporary
158000,2205,3,Owner,Contemporary
174900,2312,3,Vacant,Contemporary
233500,3166,3,Tenant,Contemporary
220000,3380,3,Owner,Contemporary
133000,2886,3,Vacant,Contemporary
105800,2786,3,Owner,Contemporary
109000,1608,3,Vacant,Contemporary
185000,2097,3,Owner,Contemporary
31000,1293,3,Vacant,Contemporary
103000,1960,3,Owner,Contemporary
90500,1628,3,Vacant,Contemporary
133000,1934,3,Vacant,Contemporary
101900,1892,3,Vacant,Contemporary
82725,1062,3,Vacant,Contemporary
181600,3309,4,Owner,Contemporary
115500,2903,4,Vacant,Contemporary
177500,3070,4,Owner,Contemporary
179900,3430,4,Vacant,Contemporary
48000,720,1,Vacant,Other
152500,1320,2,Owner,Other
64900,1033,2,Owner,Other
113857,2057,3,Owner,Other
161000,2704,3,Owner,Other
129500,2246,3,Owner,Other
228000,3737,3,Owner,Other
113000,2800,3,Owner,Other
141000,2276,3,Owner,Other
132000,2616,3,Owner,Other
95000,1826,3,Owner,Other
25000,1579,3,Tenant,Other
205900,3460,4,Owner,Other
240000,2505,4,Owner,Other
66000,3580,4,Owner,Other
1260000,7249,5,Owner,Other
295000,7790,5,Owner,Other
575000,5956,5,Owner,Other
1400000,6397,5,Owner,Other
89900,1712,2,Owner,Other
41000,1296,2,Owner,Other
34000,662,2,Vacant,Other
112500,1836,3,Owner,Other
124600,1956,3,Owner,Other
116500,2297,3,Owner,Other
136000,2791,3,Owner,Other
117000,1994,3,Owner,Other
150000,2562,3,Tenant,Other
118000,2492,3,Owner,Other
124000,1912,3,Owner,Other
130000,2172,3,Owner,Other
120000,1684,3,Owner,Other
311000,3955,3,Owner,Other
124500,2255,3,Owner,Other
125000,2238,3,Owner,Other
108000,2418,3,Owner,Other
122000,2315,3,Vacant,Other
177500,3020,3,Owner,Other
142500,2693,3,Vacant,Other
168000,2985,3,Owner,Other
266900,5140,3,Owner,Other
235000,3964,3,Owner,Other
108900,1755,3,Owner,Other
114500,1874,3,Owner,Other
115000,1998,3,Vacant,Other
105000,1724,3,Owner,Other
108000,1681,3,Owner,Other
125000,2092,3,Owner,Other
104000,1514,3,Tenant,Other
105900,1655,3,Owner,Other
112900,1272,3,Owner,Other
96000,1640,3,Owner,Other
165000,3251,3,Owner,Other
114900,1918,3,Owner,Other
160000,2410,3,Tenant,Other
195000,3348,3,Owner,Other
105000,1962,3,Vacant,Other
122900,2570,3,Owner,Other
123000,1484,3,Owner,Other
119000,2095,3,Owner,Other
150000,2680,3,Owner,Other
129000,1907,3,Owner,Other
177000,2875,3,Vacant,Other
143500,2168,3,Vacant,Other
288500,2660,3,Owner,Other
104000,1488,3,Owner,Other
160000,2766,3,Owner,Other
162000,1949,3,Owner,Other
31900,1993,3,Vacant,Other
114900,3195,3,Vacant,Other
126000,1404,3,Owner,Other
142500,2212,3,Owner,Other
52000,960,33,Vacant,Other
184000,2028,3,Owner,Other
105000,1368,3,Owner,Other
111000,1487,3,Vacant,Other
88500,1317,3,Vacant,Other
172000,2603,3,Owner,Other
127820,2019,3,Owner,Other
82000,1256,3,Owner,Other
118650,1666,3,Vacant,Other
130000,2905,3,Vacant,Other
80500,1334,3,Vacant,Other
170000,3112,3,Owner,Other
92000,1350,3,Vacant,Other
118000,2042,3,Vacant,Other
179900,3476,4,Owner,Other
152400,2534,4,Vacant,Other
161500,2936,4,Owner,Other
332694,4988,4,Owner,Other
435000,3046,4,Owner,Other
138000,2630,4,Vacant,Other
193000,3086,4,Vacant,Other
162750,3657,4,Vacant,Other
210000,3069,4,Owner,Other
227500,3147,4,Vacant,Other
190000,2635,4,Owner,Other
323000,4497,4,Owner,Other
320000,4411,4,Owner,Other
245000,3002,4,Owner,Other
215000,4919,4,Vacant,Other
219000,4805,4,Owner,Other
158500,3213,4,Owner,Other
146000,3947,4,Owner,Other
254250,4222,4,Owner,Other
185000,3479,4,Owner,Other
139900,3573,4,Vacant,Other
344900,3990,4,Owner,Other
51000,1744,4,Vacant,Other
320000,4500,4,Owner,Other
164000,2456,4,Owner,Other
295000,3729,4,Owner,Other
152000,1588,4,Vacant,Other
195900,4000,4,Vacant,Other
202500,2650,4,Owner,Other
152000,3143,4,Owner,Other
149000,2967,4,Owner,Other
195000,4110,4,Owner,Other
172600,3594,4,Vacant,Other
122570,2853,5,Owner,Other
185000,4599,5,Vacant,Other
1280000,7086,5,Vacant,Other
123808,3148,5,Owner,Other
374000,6203,7,Owner,Other
